data,time
1000,0.000957
2000,0.004222
3000,0.008995
4000,0.015779
5000,0.02516
6000,0.035124
7000,0.046562
8000,0.062024
9000,0.079487
10000,0.099494
11000,0.117988
12000,0.142947
13000,0.164571
14000,0.197069
15000,0.221214
