data,time
1000,9.9e-05
2000,0.000343
3000,0.000364
4000,0.000448
5000,0.001114
6000,0.000937
7000,0.000892
8000,0.001276
9000,0.001296
10000,0.001624
11000,0.001699
12000,0.001926
13000,0.001836
14000,0.002676
15000,0.002595
