data,time
1000,0.000923
2000,0.005773
3000,0.007966
4000,0.014284
5000,0.022103
6000,0.030564
7000,0.047339
8000,0.100091
9000,0.086376
10000,0.126821
11000,0.128661
12000,0.167881
13000,0.162466
14000,0.180897
15000,0.205238
