data,time
1000,0.000224
2000,0.00055
3000,0.00072
4000,0.000998
5000,0.001196
6000,0.001481
7000,0.001723
8000,0.001866
9000,0.00228
10000,0.002408
