data,time
1000,0.001081
2000,0.003288
3000,0.006932
4000,0.012557
5000,0.019636
6000,0.030304
7000,0.040893
8000,0.050325
9000,0.063741
10000,0.076302
