data,time
1000,0.000292
2000,0.000417
3000,0.000644
4000,0.000846
5000,0.001035
6000,0.00122
7000,0.001424
8000,0.001335
9000,0.001693
10000,0.001906
