data,time
1000,0.000264
2000,0.00041
3000,0.000551
4000,0.000749
5000,0.000768
6000,0.001055
7000,0.001271
8000,0.001408
9000,0.001531
10000,0.001757
