data,time
1000,0.001522
2000,0.005613
3000,0.012734
4000,0.02234
5000,0.036567
6000,0.050916
7000,0.067057
8000,0.08617
9000,0.108429
10000,0.132502
