data,time
1000,0.000567
2000,0.001926
3000,0.005015
4000,0.00801
5000,0.012722
6000,0.019183
7000,0.025023
8000,0.031516
9000,0.043072
10000,0.050538
11000,0.060488
12000,0.070981
13000,0.083993
14000,0.099196
15000,0.11387
