data,time
1000,0.000906
2000,0.003726
3000,0.008062
4000,0.017738
5000,0.036282
6000,0.038847
7000,0.045678
8000,0.058084
9000,0.073239
10000,0.091358
11000,0.11265
12000,0.130032
13000,0.152546
14000,0.178359
15000,0.202155
