data,time
1000,9.4e-05
2000,0.000224
3000,0.000359
4000,0.000483
5000,0.000968
6000,0.000731
7000,0.001163
8000,0.001161
9000,0.001271
10000,0.001813
11000,0.001577
12000,0.002161
13000,0.002093
14000,0.002186
15000,0.002068
