data,time
1000,0.001865
2000,0.004695
3000,0.009236
4000,0.016916
5000,0.026288
6000,0.035502
7000,0.047512
8000,0.062569
9000,0.078274
10000,0.097548
11000,0.117294
12000,0.139472
13000,0.160064
14000,0.189586
15000,0.212923
