data,time
1000,0.0014
2000,0.004894
3000,0.010517
4000,0.018731
5000,0.024535
6000,0.036336
7000,0.051592
8000,0.067695
9000,0.084683
10000,0.105657
11000,0.122945
12000,0.147458
13000,0.172104
14000,0.198467
15000,0.228724
