data,time
1000,9.3e-05
2000,0.000263
3000,0.000502
4000,0.000903
5000,0.000925
6000,0.001337
7000,0.001347
8000,0.001703
9000,0.001784
10000,0.001825
11000,0.002093
12000,0.002194
13000,0.002182
14000,0.002444
15000,0.002504
