data,time
1000,0.000898
2000,0.003024
3000,0.008457
4000,0.012646
5000,0.022015
6000,0.027385
7000,0.035325
8000,0.04777
9000,0.066611
10000,0.071238
11000,0.087986
12000,0.105497
13000,0.123193
14000,0.135359
15000,0.154897
