data,time
1000,0.000121
2000,0.000245
3000,0.000819
4000,0.000595
5000,0.00082
6000,0.00104
7000,0.001206
8000,0.001458
9000,0.00179
10000,0.001598
11000,0.001813
12000,0.002222
13000,0.002454
14000,0.002774
15000,0.003051
