data,time
1000,0.000457
2000,0.002195
3000,0.004781
4000,0.007935
5000,0.013208
6000,0.017087
7000,0.021652
8000,0.029427
9000,0.036717
10000,0.043798
11000,0.051656
12000,0.062635
13000,0.074631
14000,0.089561
15000,0.097961
