data,time
1000,0.000171
2000,0.000338
3000,0.000606
4000,0.000932
5000,0.001137
6000,0.002279
7000,0.001605
8000,0.002056
9000,0.001919
10000,0.002453
11000,0.002595
12000,0.004695
13000,0.003588
14000,0.003707
15000,0.00369
