data,time
1000,0.000138
2000,0.000285
3000,0.000574
4000,0.000637
5000,0.000714
6000,0.000859
7000,0.001296
8000,0.001835
9000,0.001621
10000,0.001551
11000,0.001806
12000,0.002285
13000,0.003749
14000,0.002166
15000,0.00411
