data,time
1000,0.000218
2000,0.000725
3000,0.000661
4000,0.001119
5000,0.001354
6000,0.001319
7000,0.00171
8000,0.002804
9000,0.004163
10000,0.002416
11000,0.002584
12000,0.002998
13000,0.003297
14000,0.003639
15000,0.004102
