data,time
1000,0.000645
2000,0.003016
3000,0.006816
4000,0.011931
5000,0.019712
6000,0.028219
7000,0.036147
8000,0.050538
9000,0.063533
10000,0.077496
11000,0.089421
12000,0.106269
13000,0.126946
14000,0.144609
15000,0.169757
