data,time
1000,0.000127
2000,0.000313
3000,0.000416
4000,0.000765
5000,0.00067
6000,0.001429
7000,0.001016
8000,0.001169
9000,0.001794
10000,0.001921
11000,0.001689
12000,0.002847
13000,0.00212
14000,0.002274
15000,0.00233
