data,time
1000,0.000814
2000,0.002825
3000,0.006752
4000,0.010783
5000,0.016544
6000,0.02555
7000,0.033232
8000,0.054323
9000,0.056525
10000,0.072403
11000,0.090074
12000,0.108032
13000,0.134085
14000,0.158097
15000,0.185856
