data,time
1000,0.002008
2000,0.004098
3000,0.009498
4000,0.015947
5000,0.027686
6000,0.036213
7000,0.050111
8000,0.065362
9000,0.080359
10000,0.102133
11000,0.120391
12000,0.140817
13000,0.169116
14000,0.19206
15000,0.231962
