data,time
1000,0.001286
2000,0.003591
3000,0.007218
4000,0.013064
5000,0.020475
6000,0.028966
7000,0.036966
8000,0.050808
9000,0.063719
10000,0.081568
11000,0.093269
12000,0.113945
13000,0.139638
14000,0.167703
15000,0.208222
