data,time
1000,0.002295
2000,0.005323
3000,0.011437
4000,0.022211
5000,0.029776
6000,0.049176
7000,0.061047
8000,0.081914
9000,0.10269
10000,0.124428
11000,0.152009
12000,0.212432
13000,0.232826
14000,0.259503
15000,0.287928
