data,time
1000,0.00058
2000,0.003273
3000,0.006165
4000,0.011309
5000,0.018942
6000,0.025368
7000,0.035115
8000,0.0441
9000,0.058545
10000,0.073724
11000,0.088448
12000,0.105497
13000,0.125439
14000,0.140589
15000,0.16268
