data,time
1000,0.001737
2000,0.005995
3000,0.016192
4000,0.022632
5000,0.036231
6000,0.052941
7000,0.069359
8000,0.094882
9000,0.116986
10000,0.14776
11000,0.17455
12000,0.206288
13000,0.240961
14000,0.285825
15000,0.320636
