data,time
1000,0.000291
2000,0.000962
3000,0.002741
4000,0.006289
5000,0.007697
6000,0.009405
7000,0.013768
8000,0.017299
9000,0.022789
10000,0.026763
11000,0.031358
12000,0.036069
13000,0.042216
14000,0.049352
15000,0.056751
