data,time
1000,0.0005
2000,0.002463
3000,0.005486
4000,0.009077
5000,0.013143
6000,0.018736
7000,0.024547
8000,0.032682
9000,0.041088
10000,0.048443
11000,0.059555
12000,0.073546
13000,0.087864
14000,0.096831
15000,0.113303
