data,time
1000,9.3e-05
2000,0.000208
3000,0.000413
4000,0.000703
5000,0.000597
6000,0.000873
7000,0.001246
8000,0.001135
9000,0.001234
10000,0.001384
11000,0.001524
12000,0.001982
13000,0.002285
14000,0.002034
15000,0.00229
