data,time
1000,0.00019
2000,0.000567
3000,0.000816
4000,0.001235
5000,0.001377
6000,0.002161
7000,0.001889
8000,0.00217
9000,0.002186
10000,0.002549
11000,0.003221
12000,0.003037
13000,0.003534
14000,0.003893
15000,0.004133
