data,time
1000,0.000142
2000,0.000313
3000,0.000674
4000,0.000837
5000,0.000992
6000,0.001599
7000,0.001579
8000,0.003218
9000,0.002354
10000,0.002319
11000,0.002725
12000,0.002774
13000,0.003128
14000,0.003926
15000,0.003661
