data,time
1000,0.00014
2000,0.000265
3000,0.000614
4000,0.000719
5000,0.001065
6000,0.001011
7000,0.001072
8000,0.001475
9000,0.001529
10000,0.001598
11000,0.001925
12000,0.002412
13000,0.002087
14000,0.002431
15000,0.002868
